"last_name","email","department_name"
"alexander","kalexanderl@marketwatch.com","automotive"
"reed","dreed2u@arstechnica.com","automotive"
"lawson","jlawson4k@prnewswire.com","automotive"
"schmidt","dschmidt75@sitemeter.com","automotive"
"torres","ttorres7h@telegraph.co.uk","automotive"
"edwards","medwards92@mail.ru","automotive"
"carroll","ecarrollao@newsvine.com","automotive"
"anderson","aandersonck@whitehouse.gov","automotive"
"sanchez","lsanchezcr@rediff.com","automotive"
"george","rgeorgefc@youtube.com","automotive"
"gordon","pgordonkn@mac.com","automotive"
"schmidt","rschmidtlo@harvard.edu","automotive"
"butler","rbutlermg@netvibes.com","automotive"
"gordon","bgordonnm@imdb.com","automotive"
"wright","lwrightnt@house.gov","automotive"
"owens","jowensot@gmpg.org","automotive"
"alexander","kalexanderl@marketwatch.com","baby"
"reed","dreed2u@arstechnica.com","baby"
"lawson","jlawson4k@prnewswire.com","baby"
"schmidt","dschmidt75@sitemeter.com","baby"
"torres","ttorres7h@telegraph.co.uk","baby"
"edwards","medwards92@mail.ru","baby"
"carroll","ecarrollao@newsvine.com","baby"
"anderson","aandersonck@whitehouse.gov","baby"
"sanchez","lsanchezcr@rediff.com","baby"
"george","rgeorgefc@youtube.com","baby"
"gordon","pgordonkn@mac.com","baby"
"schmidt","rschmidtlo@harvard.edu","baby"
"butler","rbutlermg@netvibes.com","baby"
"gordon","bgordonnm@imdb.com","baby"
"wright","lwrightnt@house.gov","baby"
"owens","jowensot@gmpg.org","baby"
"day","lday40@upenn.edu","beauty"
"mcdonald","jmcdonaldad@sbwire.com","beauty"
"rose","jrosedy@squarespace.com","beauty"
"jones","jjonesg0@g.co","beauty"
"carroll","lcarrollki@example.com","beauty"
"dixon","sdixonmo@marriott.com","beauty"
"harrison","mharrisonmu@guardian.co.uk","beauty"
"tucker","btuckern6@ovh.net","beauty"
"richards","arichardsoq@so-net.ne.jp","beauty"
"williams","gwilliamspw@columbia.edu","beauty"
"howard","showardrr@addtoany.com","beauty"
"rodriguez","lrodriguez1t@narod.ru","clothing"
"coleman","kcoleman1v@360.cn","clothing"
"hayes","jhayes5g@jiathis.com","clothing"
"andrews","tandrews7y@ycombinator.com","clothing"
"peters","apetersav@loc.gov","clothing"
"graham","bgrahamfm@usatoday.com","clothing"
"harvey","lharveyhx@plala.or.jp","clothing"
"long","rlonghz@list-manage.com","clothing"
"white","jwhitej0@usnews.com","clothing"
"woods","twoodsjc@ucoz.ru","clothing"
"wagner","ewagnerjy@jalbum.net","clothing"
"owens","jowensm3@mail.ru","clothing"
"harvey","jharveymj@yandex.ru","clothing"
"mendoza","emendozano@edublogs.org","clothing"
"vasquez","jvasquezom@networksolutions.com","clothing"
"fisher","sfisherpb@answers.com","clothing"
"armstrong","carmstrongpd@4shared.com","clothing"
"moore","jmoorepk@home.pl","clothing"
"wilson","bwilsonpn@chron.com","clothing"
"moreno","nmorenoqv@chronoengine.com","clothing"
"collins","acollinsr4@jiathis.com","clothing"
"freeman","bfreeman30@fda.gov","computers"
"washington","wwashington3a@dot.gov","computers"
"richardson","lrichardson7o@fc2.com","computers"
"jordan","pjordan8n@adobe.com","computers"
"gonzales","jgonzalesa4@cpanel.net","computers"
"white","cwhiteau@amazon.de","computers"
"gray","tgraycg@fotki.com","computers"
"james","rjamesft@jiathis.com","computers"
"phillips","wphillipsh5@economist.com","computers"
"price","bpriceje@icio.us","computers"
"james","kjameslw@yellowbook.com","computers"
"sims","asimsm6@lycos.com","computers"
"roberts","trobertsnr@over-blog.com","computers"
"watkins","mwatkins15@wiley.com","electronics"
"johnson","jjohnson1b@usgs.gov","electronics"
"castillo","bcastillo2y@cornell.edu","electronics"
"williamson","jwilliamson6m@arizona.edu","electronics"
"marshall","mmarshall70@hibu.com","electronics"
"moore","jmoore8t@umich.edu","electronics"
"carpenter","lcarpenterbs@xrea.com","electronics"
"robertson","erobertsoncq@prweb.com","electronics"
"white","dwhitecw@exblog.jp","electronics"
"gonzalez","lgonzalezd8@fastcompany.com","electronics"
"banks","bbanksdo@bravesites.com","electronics"
"banks","gbanksdx@berkeley.edu","electronics"
"walker","jwalkere0@oakley.com","electronics"
"carpenter","lcarpenterec@technorati.com","electronics"
"robertson","lrobertsonis@forbes.com","electronics"
"bell","dbelll6@wisc.edu","electronics"
"stewart","cstewartn1@hugedomains.com","electronics"
"weaver","mweaverpz@delicious.com","electronics"
"reynolds","dreynoldsro@blogtalkradio.com","electronics"
"knight","nknight2k@cafepress.com","games"
"woods","dwoods5a@businesswire.com","games"
"johnson","fjohnson8g@wikipedia.org","games"
"robinson","rrobinson8y@businessinsider.com","games"
"garrett","kgarrett9d@wordpress.com","games"
"hawkins","ahawkins9p@hud.gov","games"
"hamilton","chamiltonee@google.es","games"
"king","bkingkw@friendfeed.com","games"
"hanson","jhansonp7@1688.com","games"
"phillips","kphillipsq6@soup.io","games"
"cooper","ncooperqh@wp.com","games"
"jacobs","ajacobse@google.it","garden"
"rivera","jrivera2s@oakley.com","garden"
"nichols","bnichols3l@dropbox.com","garden"
"martinez","dmartinez3o@deviantart.com","garden"
"williamson","rwilliamson3w@amazon.co.jp","garden"
"spencer","wspencer6n@marriott.com","garden"
"long","elong7x@nymag.com","garden"
"griffin","tgriffinap@reddit.com","garden"
"carroll","fcarrollcx@ucoz.ru","garden"
"walker","bwalkerhp@dropbox.com","garden"
"snyder","ssnyderiq@vkontakte.ru","garden"
"torres","jtorresiy@4shared.com","garden"
"henry","rhenryju@answers.com","garden"
"evans","aevansl0@nba.com","garden"
"burton","jburtonld@delicious.com","garden"
"cox","dcoxln@studiopress.com","garden"
"kelly","akellym0@unblog.fr","garden"
"turner","hturnern3@tumblr.com","garden"
"cox","kcoxn5@dyndns.org","garden"
"vasquez","svasquezn7@1und1.de","garden"
"kelly","ekellyn@weibo.com","grocery"
"cooper","tcooper1r@umich.edu","grocery"
"chavez","mchavez4d@baidu.com","grocery"
"reynolds","rreynolds4y@miitbeian.gov.cn","grocery"
"bennett","abennett7l@guardian.co.uk","grocery"
"cunningham","acunningham8i@wikimedia.org","grocery"
"crawford","acrawford9o@cpanel.net","grocery"
"rice","dricea0@hubpages.com","grocery"
"reed","creedd5@bloglines.com","grocery"
"lopez","nlopezg8@fema.gov","grocery"
"carr","hcarrj8@latimes.com","grocery"
"vasquez","jvasquezl2@edublogs.org","grocery"
"willis","jwillislt@instagram.com","grocery"
"reyes","freyesp9@ft.com","grocery"
"phillips","dphillipspo@adobe.com","grocery"
"hansen","jhansenpt@slate.com","grocery"
"reyes","lreyespv@tuttocitta.it","grocery"
"ramos","mramosqr@is.gd","grocery"
"young","hyoung1q@cisco.com","health"
"sims","msims35@i2i.jp","health"
"chavez","mchavez3f@sohu.com","health"
"rose","erose57@guardian.co.uk","health"
"snyder","asnyder65@soundcloud.com","health"
"lawrence","alawrence71@unicef.org","health"
"carter","scarter81@cargocollective.com","health"
"myers","amyers8c@ibm.com","health"
"stephens","estephens9v@bbc.co.uk","health"
"burke","jburkea1@mayoclinic.com","health"
"peters","gpeterse9@people.com.cn","health"
"peters","cpetersed@goo.ne.jp","health"
"allen","rallengd@cnet.com","health"
"gonzalez","mgonzalezlm@illinois.edu","health"
"garcia","cgarciamx@vistaprint.com","health"
"stanley","bstanleynx@phoca.cz","health"
"white","jwhitepm@elpais.com","health"
"turner","lturnerq3@ycombinator.com","health"
"diaz","pdiaz45@who.int","home"
"cruz","mcruz4g@dedecms.com","home"
"powell","hpowell59@geocities.com","home"
"robinson","probinson6p@ucla.edu","home"
"fuller","ffuller77@ustream.tv","home"
"murray","kmurray7v@ca.gov","home"
"lynch","slynch8j@123-reg.co.uk","home"
"ellis","kellisc2@cafepress.com","home"
"johnston","ajohnstonei@php.net","home"
"lopez","blopezgo@sourceforge.net","home"
"fowler","cfowlergz@joomla.org","home"
"garcia","pgarciaig@macromedia.com","home"
"price","bpricekg@xinhuanet.com","home"
"foster","lfostermh@blog.com","home"
"richardson","trichardsonna@cbsnews.com","home"
"hanson","thansono6@paginegialle.it","home"
"hamilton","rhamiltonrl@skype.com","home"
"anderson","banderson58@wsj.com","industrial"
"boyd","mboyd60@jimdo.com","industrial"
"gutierrez","kgutierrez6q@bravesites.com","industrial"
"murphy","dmurphy7e@patch.com","industrial"
"crawford","mcrawford8u@parallels.com","industrial"
"morales","dmoralesbl@mit.edu","industrial"
"berry","jberrybr@discuz.net","industrial"
"hudson","rhudsoneq@fotki.com","industrial"
"morris","rmorriseu@yahoo.com","industrial"
"walker","kwalkerf2@vinaora.com","industrial"
"myers","dmyersfq@amazon.com","industrial"
"day","kdayfr@wix.com","industrial"
"carpenter","rcarpenterov@pagesperso-orange.fr","industrial"
"stanley","dstanley5c@is.gd","jewelery"
"ford","sford6d@flavors.me","jewelery"
"ellis","tellis6t@squarespace.com","jewelery"
"weaver","mweaverdz@ft.com","jewelery"
"moreno","bmorenof6@vkontakte.ru","jewelery"
"chapman","schapmangh@arstechnica.com","jewelery"
"parker","rparkergt@1688.com","jewelery"
"perry","jperryjm@home.pl","jewelery"
"elliott","delliottk3@who.int","jewelery"
"baker","bbakerkp@list-manage.com","jewelery"
"gibson","hgibsonme@ox.ac.uk","jewelery"
"jacobs","jjacobsa@sbwire.com","kids"
"chapman","jchapmanm@archive.org","kids"
"castillo","bcastillo91@hc360.com","kids"
"walker","awalkerbq@wsj.com","kids"
"cole","bcoleco@parallels.com","kids"
"webb","lwebbgq@last.fm","kids"
"watkins","mwatkinshg@bbb.org","kids"
"johnston","cjohnstonhu@psu.edu","kids"
"riley","rrileyms@uiuc.edu","kids"
"morgan","dmorgang@123-reg.co.uk","movies"
"snyder","ssnyder1f@ca.gov","movies"
"hughes","mhughes2b@youtube.com","movies"
"webb","swebb6s@people.com.cn","movies"
"chavez","rchavez7r@youtu.be","movies"
"freeman","lfreeman9l@cpanel.net","movies"
"kelly","bkellyaz@bandcamp.com","movies"
"fox","hfoxdi@acquirethisname.com","movies"
"kelly","jkellylc@linkedin.com","movies"
"reed","areedx@cisco.com","music"
"morris","amorris33@irs.gov","music"
"dean","ldean3g@blogspot.com","music"
"thompson","athompson41@booking.com","music"
"sanders","lsanders43@linkedin.com","music"
"harris","mharris5q@utexas.edu","music"
"gonzales","cgonzales6l@berkeley.edu","music"
"gordon","egordon7k@yellowbook.com","music"
"arnold","sarnoldgc@parallels.com","music"
"warren","awarrenht@addthis.com","music"
"weaver","jweaverlp@unblog.fr","music"
"knight","tknight1z@weibo.com","outdoors"
"hunt","thunt2l@twitpic.com","outdoors"
"welch","dwelchak@printfriendly.com","outdoors"
"bryant","jbryantc9@zdnet.com","outdoors"
"robinson","arobinsonci@mapy.cz","outdoors"
"bailey","hbaileydw@networksolutions.com","outdoors"
"chavez","rchavezn4@tamu.edu","outdoors"
"lawrence","jlawrence19@linkedin.com","shoes"
"martinez","wmartinez2d@barnesandnoble.com","shoes"
"harper","sharper3i@slideshare.net","shoes"
"lopez","rlopez4m@foxnews.com","shoes"
"matthews","fmatthews5v@theatlantic.com","shoes"
"ellis","lellis63@ucla.edu","shoes"
"fowler","rfowler7t@ameblo.jp","shoes"
"parker","jparkerb4@mit.edu","shoes"
"carpenter","rcarpentere7@blog.com","shoes"
"bryant","cbryantfe@phpbb.com","shoes"
"watkins","rwatkinsgm@independent.co.uk","shoes"
"andrews","handrewshc@salon.com","shoes"
"larson","slarsonk7@sakura.ne.jp","shoes"
"peterson","apetersonm7@eepurl.com","shoes"
"rodriguez","drodriguezn2@guardian.co.uk","shoes"
"howard","ghowardo5@ow.ly","shoes"
"webb","rwebboc@a8.net","shoes"
"collins","bcollinson@google.pl","shoes"
"dunn","mdunnqy@chronoengine.com","shoes"
"edwards","nedwardsrj@wikimedia.org","shoes"
"kelley","wkelley3m@domainmarket.com","sports"
"henry","dhenry4c@yelp.com","sports"
"reed","sreed5i@bloglovin.com","sports"
"harrison","nharrison88@imageshack.us","sports"
"freeman","gfreemanex@nps.gov","sports"
"ford","jfordgy@earthlink.net","sports"
"porter","eporterhq@amazon.com","sports"
"nelson","mnelsonib@ibm.com","sports"
"turner","pturnero4@tamu.edu","sports"
"kelly","ckellyqa@boston.com","sports"
"elliott","belliott3c@jiathis.com","tools"
"hanson","dhanson67@cmu.edu","tools"
"jordan","pjordan7i@squidoo.com","tools"
"riley","driley8k@dell.com","tools"
"sims","bsimsaa@privacy.gov.au","tools"
"clark","aclarkbu@npr.org","tools"
"schmidt","rschmidtbv@tumblr.com","tools"
"mason","jmasond9@networkadvertising.org","tools"
"reyes","hreyesgu@gnu.org","tools"
"meyer","emeyeri6@friendfeed.com","tools"
"watkins","ewatkinsif@ask.com","tools"
"dixon","mdixono0@cbc.ca","tools"
"hawkins","chawkinsq0@bravesites.com","tools"
"daniels","ndaniels24@google.ca","toys"
"harvey","eharvey4e@opera.com","toys"
"thomas","gthomas5w@slate.com","toys"
"harris","lharrisbd@ow.ly","toys"
"mason","dmasoncu@about.com","toys"
"day","edaygb@google.nl","toys"
"cole","jcoleh6@php.net","toys"
"webb","twebbhw@google.com.br","toys"
"gonzalez","egonzalezli@naver.com","toys"
"williamson","twilliamsonlu@ow.ly","toys"
"allen","wallenmz@gnu.org","toys"
"hill","shilloe@ft.com","toys"
"stewart","dstewart1w@usnews.com","other"
"larson","dlarson55@technorati.com","other"
"wagner","ewagner5d@cornell.edu","other"
"holmes","dholmesbi@jugem.jp","other"
"greene","dgreenecc@reuters.com","other"
"harris","rharrisdd@paypal.com","other"
"hansen","jhansendu@timesonline.co.uk","other"
"ramirez","vramirezi4@yellowpages.com","other"
"ray","nrayl1@mail.ru","other"
"alexander","aalexandero8@histats.com","other"
"palmer","ipalmer2q@youku.com","other"
"rivera","arivera7m@comcast.net","other"
"moreno","rmoreno82@alibaba.com","other"
"wheeler","jwheeler8w@whitehouse.gov","other"
"murphy","amurphyc7@wikia.com","other"
"arnold","larnoldd3@webeden.co.uk","other"
"rice","rriceer@wired.com","other"
"payne","cpaynejo@tinyurl.com","other"
"hunter","hhuntermb@reverbnation.com","other"
"perry","kperryp0@chron.com","other"
"hudson","mhudsonpy@altervista.org","other"
"anderson","sandersonrk@businesswire.com","other"
